{
    "MeshGraph": {
        "n_neighbours": 8,
        "resolution": 200,
        "area": [
            11.014309,
            45.990134,
            11.348362,
            46.118939
        ]
    },
    "AntColony": {
        "alpha": 1,
        "beta": 2,
        "rho": 0.1,
        "q0": 0.1,
        "ant_number": 50,
        "max_iterations": 100,
        "max_no_updates": 15,
        "n_best_ants": 5,
        "average_cycle_length": 5000,
        "n_iterations_before_spawn_in_key_nodes": 8
    },
    "KeyNodes": [
        [
            [
                46.060883,
                11.236782
            ],
            [
                46.066461,
                11.12649
            ],
            [
                46.072764,
                11.058383
            ],
            [
                46.038994,
                11.05716
            ]
        ],
        [
            [
                45.91838,
                10.88651
            ],
            [
                45.88457,
                10.83964
            ],
            [
                45.86911,
                10.87644
            ],
            [
                45.85176,
                10.97466
            ]
        ],
        [
            [
                45.85176,
                10.97466
            ],
            [
                45.8422,
                11.011
            ],
            [
                45.8862,
                11.0457
            ],
            [
                45.91581,
                11.06203
            ],
            [
                45.9348,
                11.0943
            ]
        ],
        [
            [
                46.060883,
                11.236782
            ],
            [
                45.99148,
                11.26167
            ],
            [
                46.0072,
                11.3008
            ],
            [
                46.053,
                11.4546
            ]
        ],
        [
            [
                45.88457,
                10.83964
            ],
            [
                45.91838,
                10.88651
            ],
            [
                45.96129,
                10.91183
            ],
            [
                46.04571,
                10.95105
            ]
        ],
        [
            [
                45.7345,
                10.9379
            ],
            [
                45.7575,
                11.0004
            ],
            [
                45.8862,
                11.0457
            ],
            [
                46.066461,
                11.12649
            ],
            [
                46.13952,
                11.11044
            ],
            [
                46.2145,
                11.1206
            ]
        ],
        [
            [
                45.88457,
                10.83964
            ],
            [
                45.85176,
                10.97466
            ],
            [
                45.8862,
                11.0457
            ],
            [
                46.066461,
                11.12649
            ],
            [
                46.060883,
                11.236782
            ],
            [
                46.053,
                11.4546
            ]
        ],
        [
            [
                45.88457,
                10.83964
            ],
            [
                45.91838,
                10.88651
            ],
            [
                45.96129,
                10.91183
            ],
            [
                46.04571,
                10.95105
            ],
            [
                46.08627,
                11.06332
            ],
            [
                46.066461,
                11.12649
            ]
        ],
        [
            [
                46.066461,
                11.12649
            ],
            [
                46.21061,
                11.09327
            ],
            [
                46.29435,
                11.07199
            ],
            [
                46.3647,
                11.0316
            ],
            [
                46.35107,
                10.91303
            ],
            [
                46.3218,
                10.83964
            ]
        ]
    ]
}